../images/sunflower/sunflower_32.jpg,32,32,0,5734,0,0,0,0.000000
../images/sunflower/sunflower_64.jpg,64,64,6,5734,77549,77398,77970,0.070000
../images/sunflower/sunflower_128.jpg,128,128,48,5734,77527,77382,78289,0.070000
../images/sunflower/sunflower_256.jpg,256,256,231,5734,77578,77395,78623,0.070000
../images/sunflower/sunflower_512.jpg,512,512,914,5734,77534,77376,78115,0.070000
../images/sunflower/sunflower_1024.jpg,1024,1024,2846,5734,77648,77433,79459,0.070000
../images/sunflower/sunflower_2048.jpg,2048,2048,8094,5734,77565,77402,79263,0.070000
../images/sunflower/sunflower_4096.jpg,4096,4096,23240,5734,78843,78614,80144,0.070000
