../images/sunflower/sunflower_32.jpg,32,32,0,109,0,0,0,0.000000
../images/sunflower/sunflower_64.jpg,64,64,6,109,104,104,107,0.585000
../images/sunflower/sunflower_128.jpg,128,128,48,109,96,96,98,0.635000
../images/sunflower/sunflower_256.jpg,256,256,231,109,104,104,106,0.585000
../images/sunflower/sunflower_512.jpg,512,512,914,109,96,96,96,0.637500
../images/sunflower/sunflower_1024.jpg,1024,1024,2846,109,105,104,113,0.582500
../images/sunflower/sunflower_2048.jpg,2048,2048,8094,109,101,100,101,0.605000
../images/sunflower/sunflower_4096.jpg,4096,4096,23240,109,100,99,126,0.605000
